{
    "type": "application",
    "source-directories": [
        "src"
    ],
    "elm-version": "0.19.1",
    "dependencies": {
        "direct": {
            "MacCASOutreach/graphicsvg": "7.1.0",
            "elm/browser": "1.0.2",
            "elm/core": "1.0.2",
            "elm/html": "1.0.0",
            "elm/random": "1.0.0"
        },
        "indirect": {
            "elm/json": "1.1.3",
            "elm/svg": "1.0.1",
            "elm/time": "1.0.0",
            "elm/url": "1.0.0",
            "elm/virtual-dom": "1.0.2"
        }
    },
    "test-dependencies": {
        "direct": {},
        "indirect": {}
    }
}
